"id_group","grp_type","id_department","number","form_education","number_rus"
"60","1","4204","311","0","311"
"59","1","4204","211","0","211"
"1442","1","4087776","431","1","431"
"37","1","4204","111","0","111"
"4610","1","3964","211","0","211"
"480","1","4349","211","0","211"
"1700","1","4087776","391","0","391"
"2416","1","4265","301","0","301"
"4355","1","3831","122","0","122"
"2104","-1","4087764","1411","0","1411"
"2103","-1","4087764","1311","0","1311"
"788","-1","4087764","171","0","1171"
"2105","-1","4087764","1111","0","1111"
"806","-1","4087764","131","0","2131"
"2647","1","3822","331","1","331"
"2195","2","4265","252","0","252"
"2102","-1","4087764","1212","0","1212"
"2332","1","3852","313","0","313"
"2101","-1","4087764","1211","0","1211"
"2001","1","4087776","171","1","171"
"2000","1","4087776","161","1","161"
"1998","1","4087776","272","1","272"
"2579","1","4087775","315","1","315"
"1655","1","4087776","101","0","101"
"1651","1","4087776","191","0","191"
"2154","-1","4087764","1281","0","1281"
"173","0","4329","151","0","151"
"174","1","3964","111","0","111"
"1757","1","4087776","313","1","313"
"176","1","4301","111","0","111"
"182","0","4329","251","0","251"
"3966","1","4087768","314 (2)","0","314 (2)"
"2413","1","4329","303","0","303"
"3812","1","4370","112","1","112"
"189","0","4329","351","0","351"
"4918","1","3831","241","2","241"
"199","0","4329","451","0","451"
"200","1","4265","111","0","111"
"201","1","4265","112","0","112"
"202","1","4265","121","0","121"
"203","1","4265","122","0","122"
"204","1","4265","123","0","123"
"4041","2","3831","151","1","151"
"206","1","4265","131","0","131"
"207","1","4265","132","0","132"
"208","1","4265","141","0","141"
"209","1","4265","211","0","211"
"210","1","4265","212","0","212"
"211","1","4265","311","0","311"
"212","1","4265","312","0","312"
"213","1","4265","411","0","411"
"214","1","4265","412","0","412"
"4578","1","4329","131","0","131"
"217","1","4265","221","0","221"
"218","1","4265","222","0","222"
"219","1","4265","223","0","223"
"221","1","4265","321","0","321"
"222","1","4265","322","0","322"
"223","1","4265","323","0","323"
"3736","1","4265","233","0","233"
"225","1","4265","421","0","421"
"226","1","4265","422","0","422"
"227","1","4265","423","0","423"
"3734","1","4265","242","0","242"
"4163","0","3822","451","0","451"
"235","1","4265","231","0","231"
"236","1","4265","232","0","232"
"238","1","4265","331","0","331"
"239","1","4265","332","0","332"
"4855","0","4370","231","0","231"
"241","1","4265","431","0","431"
"242","1","4265","432","0","432"
"4434","2","4329","121","1","121"
"247","1","4265","241","0","241"
"248","1","4265","341","0","341"
"249","1","4265","441","0","441"
"251","1","4265","111","1","111"
"252","1","4265","211","1","211"
"253","1","4265","311","1","311"
"254","1","4265","411","1","411"
"255","1","4265","511","1","511"
"257","1","4265","121","1","121"
"258","1","4265","221","1","221"
"259","1","4265","321","1","321"
"260","1","4265","421","1","421"
"261","1","4265","521","1","521"
"3861","1","4087775","324","1","324"
"3254","1","4087775","224","1","224"
"3253","1","4087775","221","1","221"
"267","0","4329","551","0","551"
"272","1","4047","111","0","111"
"4686","1","3879","3001","1","3001"
"274","1","3852","111","0","111"
"3929","1","4087768","113(1)","0","113(1)"
"3360","1","3822","221","0","221"
"278","1","3852","112","0","112"
"280","1","3852","211","0","211"
"281","1","3852","212","0","212"
"283","1","3852","311","0","311"
"284","1","3852","312","0","312"
"286","1","3852","411","0","411"
"2362","1","4329","301","0","301"
"3234","2","4087776","255","1","255"
"2760","1","4265","401","0","401"
"2182","2","3852","151","0","151"
"2759","1","4087775","203","0","203"
"298","1","3852","131","0","131"
"299","1","3852","231","0","231"
"300","1","3852","331","0","331"
"301","1","3852","431","0","431"
"2180","1","3852","141","0","141"
"3237","2","4087776","256","1","256"
"2409","1","4087775","301","0","301"
"4523","1","3879","3082","0","3082"
"321","1","3952","437","1","437"
"337","1","4047","141","0","141"
"342","1","4204","212","0","212"
"4546","2","3879","2224","0","2224"
"2765","-1","4087764","2251","0","2251"
"346","1","4204","341","0","341"
"347","1","4204","241","0","241"
"348","1","4204","261","0","261"
"1933","2","4087776","251","1","251"
"352","1","4204","231","0","231"
"353","1","4204","331","0","331"
"354","1","4204","361","0","361"
"2084","1","4087776","121","0","121"
"359","1","4204","141","0","141"
"361","1","4204","131","0","131"
"362","1","4204","112","0","112"
"4553","2","4204","118","0","118"
"3586","1","4087769","111","1","111"
"366","1","4204","161","0","161"
"369","1","4204","441","0","441"
"370","1","4204","411","0","411"
"4513","1","3879","2032","0","2032"
"373","1","4204","412","0","412"
"374","1","4204","431","0","431"
"3911","1","4087765","510","2","510"
"3677","3","4204","301","0","301"
"1038","-1","4047","421","0","421"
"4556","3","4204","203","0","203"
"381","1","4204","312","0","312"
"4805","0","4329","252","0","252"
"386","1","4204","461","0","461"
"2683","1","3952","461","0","461"
"3335","2","3952","208","0","208"
"3691","2","3952","209","0","209"
"2995","1","4204","351","0","351"
"403","1","4370","121","0","121"
"405","1","3964","151","0","151"
"2728","2","3964","172","0","172"
"4728","3","3879","2BF","0","2БФ"
"4161","2","4087765","168","0","168"
"413","1","3822","131","0","131"
"414","0","3822","141","0","141"
"415","0","3822","151","0","151"
"4332","1","4370","412","0","412"
"421","1","3822","231","0","231"
"422","0","3822","241","0","241"
"2437","1","3822","211","0","211"
"3883","3","3920","391","0","391"
"4898","1","4087778","221","2","221"
"1552","0","3822","351","0","351"
"429","1","3822","331","0","331"
"2208","2","4349","225","0","225"
"4154","1","3822","211","2","211"
"3359","2","3935","114","0","114"
"439","1","4370","221","0","221"
"440","1","4370","222","0","222"
"441","1","4370","322","0","322"
"2085","1","3831","221","0","221"
"443","1","4370","321","0","321"
"4029","2","4087775","107","0","107"
"445","1","4370","122","0","122"
"3332","2","3952","109","0","109"
"448","1","4370","421","0","421"
"449","1","4370","422","0","422"
"450","0","3964","131","0","131"
"1328","1","4087775","102","0","102"
"453","1","3964","121","0","121"
"456","0","3964","132","0","132"
"3284","1","4370","212","0","212"
"4615","2","4370","143","0","143"
"1786","1","4087776","232","1","232"
"4725","1","3964","221","0","221"
"2719","0","3964","431","0","431"
"2722","1","3964","361","0","361"
"2011","1","3964","161","0","161"
"954","1","3964","251","0","251"
"481","1","4349","221","0","221"
"482","1","4349","231","0","231"
"483","1","4349","322","0","322"
"4822","1","3964","222","0","222"
"485","1","4349","321","0","321"
"4566","1","3879","2121","0","2121"
"487","1","4349","241","0","241"
"503","1","3920","111","0","111"
"489","1","4349","111","0","111"
"490","1","4349","121","0","121"
"491","1","4349","141","0","141"
"492","1","4349","131","0","131"
"493","1","4349","421","0","421"
"494","1","4349","341","0","341"
"495","1","4349","441","0","441"
"496","1","4349","422","0","422"
"497","1","4349","311","0","311"
"498","1","4349","431","0","431"
"499","1","4349","411","0","411"
"500","1","4349","331","0","331"
"2099","2","4087776","114","0","114"
"2097","1","4087776","331","0","331"
"3977","1","4087768","413 (2)","0","413 (2)"
"2743","1","3831","411","0","411"
"3978","1","4087768","413 (1)","0","413 (1)"
"4618","1","3879","3051","0","3051"
"517","1","3920","211","0","211"
"518","1","3920","311","0","311"
"519","1","3920","411","0","411"
"3159","3","4265","161","0","161"
"2428","1","3831","312","0","312"
"3290","2","3920","242","0","242"
"2990","2","3920","162","0","162"
"532","1","3935","311","0","311"
"2387","1","3935","331","0","331"
"534","1","3935","111","0","111"
"1588","1","3935","131","0","131"
"536","1","3935","211","0","211"
"537","1","3935","221","0","221"
"1589","2","3935","125","0","125"
"2703","1","3935","411","0","411"
"4533","1","3879","1023","0","1023"
"2721","1","3964","181","0","181"
"2064","2","3935","225","0","225"
"547","1","3935","121","0","121"
"549","1","3935","321","0","321"
"4562","1","3822","451","2","451"
"4535","1","3879","1032","0","1032"
"3858","3","4265","364","0","364"
"4909","1","3852","113","0","113"
"4857","0","4370","131","0","131"
"3930","1","4087768","113(2)","0","113(2)"
"4565","1","3879","1122","0","1122"
"4530","1","3879","1011","0","1011"
"3781","2","4204","223","1","223"
"4574","2","3920","232","0","232"
"579","1","4047","211","0","211"
"2358","1","3952","312","0","312"
"582","1","3952","351","0","351"
"584","1","3952","341","0","341"
"585","1","3952","331","0","331"
"586","1","3952","361","0","361"
"587","1","3952","151","0","151"
"2679","1","3952","421","0","421"
"589","1","3952","161","0","161"
"2037","1","3952","221","0","221"
"2757","1","4265","202","0","202"
"3007","1","3822","121","0","121"
"2036","1","3952","212","0","212"
"598","1","3952","261","0","261"
"1562","1","3952","121","0","121"
"2681","1","3952","441","0","441"
"2680","1","3952","431","0","431"
"2756","2","3852","251","0","251"
"613","1","3952","131","0","131"
"614","1","3952","141","0","141"
"2677","1","3952","411","0","411"
"617","1","3952","231","0","231"
"618","1","4047","311","0","311"
"2732","1","4087776","491","0","491"
"1493","2","3920","212","0","212"
"631","1","3920","141","0","141"
"632","1","3920","241","0","241"
"633","1","3920","341","0","341"
"634","1","3920","441","0","441"
"2389","2","4349","125","0","125"
"637","1","4047","241","0","241"
"638","1","4047","341","0","341"
"639","1","4047","441","0","441"
"640","1","4047","151","0","151"
"641","1","4047","251","0","251 "
"3975","1","4087768","414 (2)","0","414 (2)"
"4527","1","3879","4022","0","4022"
"2578","1","4087775","314","1","314"
"4525","1","3879","4061","0","4061"
"4266","2","4087775","207","0","207"
"3822","1","4047","351","1","351"
"657","1","4047","351","0","351"
"658","1","4047","451","0","451"
"4354","-1","4087763","9161(SSA-11)","0","9161(ССА-11)"
"660","1","4047","221","0","221"
"661","1","4047","321","0","321"
"2584","0","4283","11","0","11"
"4564","1","3879","1121","0","1121"
"2893","2","4087778","231","1","231"
"4563","1","3822","471","2","471"
"4872","1","4301","421","0","421"
"744","0","4329","111","1","111"
"3529","1","4087769","321","1","321"
"3520","1","4087769","431","1","431"
"4745","3","4329","2_Geohimiya","0","2_Геохимия"
"2725","1","3964","441","0","441"
"2731","3","3964","192","0","192"
"2723","1","3964","411","0","411"
"2724","1","3964","421","0","421"
"3519","1","4087769","441","1","441"
"4790","1","4087765","213","1","213"
"4031","2","4301","281","1","281"
"2148","1","4087776","412","1","412"
"1756","0","4087774","612","1","612"
"3282","0","4370","431","0","431"
"4779","2","3822","268-269","1","268-269"
"1759","1","4087776","314","1","314"
"4760","1","3822","513","1","513"
"3011","1","3964","461","0","461"
"3526","2","4087768","201","1","201"
"2096","2","4265","154","0","154"
"775","0","4329","211","1","211"
"4098","1","4087775","521","1","521"
"779","1","3920","321 sokrac","1","321 сокращ"
"4784","0","4329","412","1","412"
"791","0","4329","311","1","311"
"4782","1","4329","332","1","332"
"3528","2","4087768","203","1","203"
"799","0","4329","411","1","411"
"809","1","4204","161","1","161"
"1036","1","4047","411","0","411"
"3213","1","4204","561","1","561"
"828","0","4329","511","1","511"
"3256","1","4087775","227","1","227"
"3255","1","4087775","225","1","225"
"1750","1","4087774","101","1","101"
"3439","1","3964","151","1","151"
"2663","1","4370","323","0","323"
"2003","1","4204","361","1","361"
"3967","1","4087768","314 (1)","0","314 (1)"
"3786","3","3964","293","0","293"
"1754","0","4087774","611","1","611"
"860","1","4047","111","1","111"
"861","1","4047","211","1","211"
"862","1","4047","311","1","311"
"863","1","4047","411","1","411"
"1181","2","3822","261","0","261"
"865","1","4047","511","1","511"
"4042","3","3964","393","0","393"
"4913","1","3831","261","2","261"
"868","1","4047","324","1","324"
"1140","1","4047","424","1","424"
"3863","1","4087775","421","1","421"
"4851","2","4370","232","2","232"
"4829","0","4329","552","0","552"
"3824","1","4047","451","1","451"
"878","1","4047","131","1","131"
"879","1","4047","231","1","231"
"880","1","4047","331","1","331"
"881","1","4047","431","1","431"
"882","1","4047","531","1","531"
"3988","1","3822","111","2","111"
"4534","1","3879","1031","0","1031"
"899","1","4349","321","1","321"
"3968","1","4087768","313 (2)","0","313 (2)"
"914","1","4349","111","1","111"
"4772","1","4087776","362 (indplan)","1","362 (индплан)"
"916","1","4349","211","1","211"
"918","1","4349","311","1","311"
"919","1","4349","421","1","421"
"920","1","4349","411","1","411"
"921","1","4349","521","1","521"
"1925","1","4087776","312","1","312"
"4731","3","3879","1RF","0","1РФ"
"950","0","3822","251","0","251"
"4334","1","4087776","451","0","451"
"952","0","3822","341","0","341"
"1327","1","4087775","101","0","101"
"4809","3","3879","3EKB","0","3ЭКБ"
"1516","1","4370","123","0","123"
"3396","3","3964","392","0","392"
"2427","1","3831","311","0","311"
"3128","3","3920","171","0","171"
"982","1","4087765","162","0","162"
"981","1","4087765","161","0","161"
"1504","1","4087776","231","0","231"
"1506","1","4087776","141","0","141"
"2369","1","4087765","461","0","461"
"2035","1","3952","211","0","211"
"2666","2","4087765","166","0","166"
"2665","2","4087765","265","0","265"
"1507","1","4087776","241","0","241"
"4118","2","4349","215","0","215"
"2042","2","3952","103","0","103"
"1587","-1","4087764","1181","0","1181"
"3877","1","4087769","511","1","511"
"4843","2","4087776","123","0","123"
"3891","2","4349","115","0","115"
"1179","2","3822","162","0","162"
"1178","2","3822","161","0","161"
"2062","1","3935","231","0","231"
"4536","1","3879","1033","0","1033"
"4795","1","3831","363","1","363"
"2590","0","4283","32","0","32"
"2585","0","4283","12","0","12"
"2587","0","4283","21","0","21"
"2839","0","4283","13","0","13"
"2589","0","4283","31","0","31"
"2586","0","4283","22","0","22"
"2974","1","4349","511","1","511"
"2976","1","3964","281","0","281"
"4086","2","3831","231","1","231"
"1147","-1","4087764","231","0","2231"
"1947","1","4087769","231","1","231"
"4830","1","4329","103","0","103"
"1929","1","4087776","411","1","411"
"1444","1","4087776","201","1","201"
"1443","1","4087776","331","1","331"
"2033","2","4087765","163","0","163"
"3461","2","4087775","131","1","131"
"4806","3","3879","3O","0","3О"
"1454","1","4087776","231","1","231"
"2280","1","3822","511","1","511"
"2664","1","4370","324","0","324"
"4232","2","4087776","155","1","155"
"4424","2","4087768","301","1","301"
"4593","-1","4087763","4202(EO-22)","0","4202(ЭО-22)"
"1237","1","4204","261","1","261"
"1934","1","4087776","351","1","351"
"1246","0","4329","611","1","611"
"4777","2","3822","263","1","263"
"2157","-1","4087764","1271","0","1271"
"4685","1","3879","2001","1","2001"
"4684","1","3879","1001","1","1001"
"1258","1","4087774","121","0","121"
"1259","0","4087774","211","0","211"
"1260","0","4087774","221","0","221"
"1261","0","4087774","311","0","311"
"1262","0","4087774","321","0","321"
"1263","0","4087774","322","0","322"
"1264","0","4087774","411","0","411"
"1267","0","4087774","421","0","421"
"1268","0","4087774","422","0","422"
"1269","0","4087774","511","0","511"
"1270","0","4087774","521","0","521"
"1271","1","4087769","101","0","101"
"3170","2","4087768","101","1","101"
"1282","1","4087769","201","0","201"
"3938","2","4087768","191","0","191"
"3942","1","4087768","215 (2)","0","215 (2)"
"2878","1","4087768","211 (2)","0","211 (2)"
"2499","2","4087769","221","0","221"
"1453","1","4087776","131","1","131"
"4730","3","3879","4BF","0","4БФ"
"1293","1","4087768","221","0","221"
"1456","1","4087776","401","1","401"
"2879","1","4087768","213 (1)","0","213 (1)"
"4139","3","4204","302","0","302"
"1455","1","4087776","301","1","301"
"1379","0","4087773","143","1","143"
"4317","1","4087775","208","0","208"
"1503","1","4087776","131","0","131"
"3367","2","4087776","214","0","214"
"2500","1","4087769","301","0","301"
"3527","2","4087768","202","1","202"
"1316","1","4087776","111","0","111"
"1457","0","4087774","112","1","112"
"1318","1","4087776","111","1","111"
"1927","1","4087776","211","1","211"
"1926","1","4087776","212","1","212"
"1321","1","4087776","311","1","311"
"2671","1","4204","421","0","421"
"2061","1","4087775","202","0","202"
"1348","1","4087775","401","0","401"
"4025","-1","4087764","2161","0","2161"
"1354","1","4087776","112","0","112"
"1355","1","4087776","211","0","211"
"1356","1","4087775","402","0","402"
"4871","2","4087765","171","0","171"
"1727","2","3920","112","0","112"
"1363","1","4087776","311","0","311"
"1888","1","4265","313","1","313"
"1367","1","4087776","411","0","411"
"1369","1","4087776","412","0","412"
"1371","2","3952","106","0","106"
"4223","2","4087765","303","1","303"
"1373","2","3952","102","0","102"
"1374","2","3952","101","0","101"
"1375","1","4087776","112","1","112"
"1461","0","4087774","513","1","513"
"1401","1","4087776","261","0","261"
"1403","1","4087776","271","0","271"
"3021","2","3822","170","2","170"
"1406","1","4087776","361","0","361"
"3081","1","3831","341","0","341"
"1459","0","4087774","413","1","413"
"1414","1","4087776","341","1","341"
"1415","1","4087776","431","0","431"
"2774","2","3852","152 NPZ","0","152 НПЗ"
"3077","1","4087776","421","0","421"
"2468","-1","4087764","2151","0","2151"
"1425","1","4087776","342","1","342"
"4893","0","3822","552","0","552"
"1428","1","4087776","441","1","441"
"1431","1","4087776","121","1","121"
"1432","1","4087776","221","1","221"
"2179","1","4047","151","1","151"
"2645","1","4087776","101","1","101"
"1446","1","4087776","132","1","132"
"3458","1","4087769","222","2","222"
"1470","1","4087776","172","1","172"
"3462","2","4087775","132","1","132"
"4330","1","3822","351","2","351"
"4331","1","3822","371","2","371"
"1474","1","4087776","421","1","421"
"1476","0","4087774","111","1","111"
"4461","1","3831","362","1","362"
"2007","1","4087776","291","1","291"
"1480","0","4087774","211","1","211"
"2016","1","4087776","271","1","271"
"1482","0","4087774","212","1","212"
"3227","1","3831","461","1","461"
"3530","2","4087769","171","1","171"
"4270","-1","4047","263","0","263"
"1492","1","4087774","101","0","101"
"3668","1","3920","151","0","151"
"2034","2","4087765","263","0","263"
"1501","1","4087765","261","0","261"
"1502","1","4087765","262","0","262"
"1508","1","4087776","341","0","341"
"1509","1","4087776","441","0","441"
"1511","1","3964","141","0","141"
"1518","1","3964","351","0","351"
"1523","1","4204","122","0","122"
"1524","1","4204","121","0","121"
"2077","1","4265","201","0","201"
"4591","2","4087765","180","2","180"
"1537","1","4329","101","0","101"
"1539","2","4204","117","0","117"
"3918","2","4204","248","0","248"
"1541","2","4204","127","0","127"
"4323","3","4204","103","0","103"
"3316","2","4204","147","0","147"
"4883","2","4301","168","0","168"
"3341","2","3822","270","2","270"
"3342","2","4329","261","0","261"
"4890","2","4301","267","0","267"
"3362","1","3831","441","0","441"
"1554","1","3822","431","0","431"
"2435","0","3822","551","0","551"
"2106","-1","4087764","1112","0","1112"
"1564","2","3952","206","0","206"
"4912","-1","4087763","9163(SSA-13)","0","9163(ССА-13)"
"2993","1","4204","142","0","142"
"1571","2","3952","202","0","202"
"4179","-1","4087764","2132","0","2132"
"1573","2","3952","201","0","201"
"2682","1","3952","451","0","451"
"2977","1","4047","471","0","471"
"2678","1","3952","412","0","412"
"1578","1","3831","111","0","111"
"1579","1","3831","112","0","112"
"1581","1","3831","121","0","121"
"4093","1","4329","431","1","431"
"2662","1","4370","124","0","124"
"1594","-1","4349","Ekologiya i prirodop","0","Экология и природопо"
"4847","0","3964","231","0","231"
"1598","2","3822","262","0","262"
"1599","2","3822","263","0","263"
"4315","3","4047","1 kurs","0","1 курс"
"4825","2","3964","1711","0","1711"
"4702","1","3879","1002","1","1002"
"2744","1","3831","412","0","412"
"2741","1","3831","421","0","421"
"3788","3","3964","391","0","391"
"1611","0","3822","441","0","441"
"2323","1","4087778","211","1","211"
"2714","1","4329","401","0","401"
"3463","2","4265","256","0","256"
"1695","1","4204","121","1","121"
"1652","1","4087776","171","0","171"
"4884","2","4087765","173","2","173"
"1664","2","4265","151","0","151"
"1665","2","4265","152","0","152"
"1666","2","4265","153","0","153"
"3661","1","4370","312","0","312"
"1689","2","3822","161","1","161"
"4740","2","4204","181","1","181"
"1936","1","4087776","141","1","141"
"1647","-1","4087764","2331","0","2331"
"2932","2","4204","222","1","222"
"1718","0","3822","241","1","241"
"1865","2","3822","261","1","261"
"2005","1","4087776","261","1","261"
"1904","3","4265","361","0","361"
"3758","2","4087776","132","0","132"
"3743","2","4087775","106","0","106"
"3742","2","4087775","105","0","105"
"1928","1","4087776","113","1","113"
"4549","2","3879","2233","0","2233"
"4547","2","3879","2225","0","2225"
"4544","2","3879","1233","0","1233"
"4543","2","3879","1232","0","1232"
"3033","2","4329","161","0","161"
"1751","1","4087774","102","1","102"
"1760","1","4087776","243","1","243"
"1761","1","4370","111","0","111"
"1762","1","4370","211","0","211"
"1763","1","4370","311","0","311"
"1764","1","4370","411","0","411"
"1767","1","4087776","343","1","343"
"1768","2","4087776","252","1","252"
"4786","2","4087765","283","1","283"
"1770","1","4087776","541","1","541"
"4260","1","4087775","310","1","310"
"1774","1","4087775","111","1","111"
"1779","1","4087775","114","1","114"
"1778","1","4087775","112","1","112"
"1777","1","4087775","113","1","113"
"1780","1","4087776","531","1","531"
"4910","1","4047","442","0","442"
"1784","1","4087776","511","1","511"
"1785","1","4087776","222","1","222"
"1787","1","4087776","332","1","332"
"4799","1","4087765","214","1","214"
"4798","1","4087765","211 VO","2","211 ВО"
"1792","1","4087776","241","1","241"
"3521","1","4087769","331","1","331"
"1795","1","4087776","242","1","242"
"4145","1","4265","105","0","105"
"3446","2","4087765","104","1","104"
"2128","1","3822","111","0","111"
"1922","1","4087776","471","0","471"
"1921","1","4087776","371","0","371"
"1842","1","4087776","142","1","142"
"4856","0","4370","132","0","132"
"2132","0","3822","541","0","541"
"3862","1","4087775","327","1","327"
"2147","1","4087776","322","1","322"
"2155","-1","4087764","1381","0","1381"
"2156","-1","4087764","1481","0","1481"
"1836","1","4087774","333","1","333"
"4804","1","4087768","312 (2)","0","312 (2)"
"1846","1","4265","213","1","213"
"1847","1","4265","413","1","413"
"1848","1","4265","112","1","112"
"2083","1","4087776","201","0","201"
"1851","1","4265","113","1","113"
"3759","2","4087776","192","0","192"
"4677","2","4087765","268","0","268"
"4791","0","3822","541","1","541"
"2150","2","4087765","102","1","102"
"2177","1","4087775","115","1","115"
"3295","2","3852","252 NPZ","0","252 НПЗ"
"2247","1","4265","212","1","212"
"1887","1","4265","312","1","312"
"1889","1","4265","412","1","412"
"1890","1","4265","512","1","512"
"1891","1","4265","513","1","513"
"1893","3","4265","261","0","261 "
"1898","1","4265","101","0","101"
"3867","3","3920","372","0","372"
"4261","1","3831","561","1","561"
"2002","1","4087776","191","1","191"
"1972","1","4087776","391","1","391"
"1973","1","4087776","461","1","461"
"1976","1","4087776","361","1","361"
"1977","1","4087776","362","1","362"
"4787","2","4087765","284","1","284"
"1979","1","4087776","491","1","491"
"1980","1","4087775","211","1","211"
"1982","1","4087775","213","1","213"
"1983","1","4087775","311","1","311"
"1984","1","4087775","312","1","312"
"1985","1","4087775","313","1","313"
"4109","3","4370","261","0","261"
"1987","1","4087775","411","1","411"
"1988","1","4087775","412","1","412"
"3262","1","4087775","511","1","511"
"1993","1","4087776","321","1","321"
"1994","2","4087776","151","1","151"
"2014","1","3964","451","0","451"
"3012","2","3964","173","0","173"
"2017","1","4370","224","0","224"
"2018","1","4370","223","0","223"
"2019","1","4087776","461","0","461"
"3974","1","4087768","421","0","421"
"2023","1","3831","211","0","211"
"2030","2","4087765","164","0","164"
"2032","1","4087765","362","0","362"
"2031","1","4087765","361","0","361"
"2038","1","3952","241","0","241"
"2039","1","3952","251","0","251"
"2360","2","3952","203","0","203"
"4242","-1","4087763","9271(ISP-21)","0","9271(ИСП-21)"
"2733","1","3852","341","0","341"
"2457","1","4087778","311","1","311"
"4130","1","3920","351","0","351"
"2052","1","4329","201","0","201"
"4833","1","3822","551","2","551"
"2060","1","4087775","201","0","201"
"3909","1","3822","421","0","421"
"2068","1","4204","221","0","221"
"2508","1","3952","137","1","137"
"2071","2","4204","227","0","227"
"4558","3","4204","403","0","403"
"2073","2","4204","217","0","217"
"3675","2","4204","247","0","247"
"2075","1","4047","171","0","171"
"2087","1","4087776","291","0","291"
"4920","-1","4087763","9474(ISP-44)","0","9474(ИСП-44)"
"2089","1","3831","212","0","212"
"4939","1","3879","4032 (inf. teh.)","0","4032 (инф. тех.)"
"3395","3","3964","193","0","193"
"4181","-1","4087764","1213","0","1213"
"3760","2","4087776","172","0","172"
"3304","1","4087765","111","2","111"
"3056","2","3935","214","0","214"
"2705","1","3935","431","0","431"
"2704","1","3935","421","0","421"
"4736","2","3822","170","1","170"
"2142","2","4087769","121","0","121"
"2845","1","4087775","218","1","218"
"2169","-1","4087764","2431","0","2431"
"2830","1","4087775","121","1","121"
"2178","1","4087775","116","1","116"
"2253","1","4087775","214","1","214"
"3785","3","3964","191","0","191"
"4414","0","3822","441","1","441"
"2192","1","4087776","173","1","173"
"2193","1","4087776","181","1","181"
"4885","2","4301","261","0","261"
"2197","2","4265","253","0","253"
"2198","2","4265","251","0","251"
"2199","2","4265","155","0","155"
"4522","1","3879","3023","0","3023"
"2462","1","4087776","221","0","221"
"4517","1","3879","2082","0","2082"
"4705","1","3879","4002","1","4002"
"4762","1","3831","541","1","541"
"2216","2","4087776","152","1","152"
"2209","2","4349","245","0","245"
"2217","2","4087776","153","1","153"
"2218","2","4087776","154","1","154"
"4882","2","4301","167","0","167"
"2859","1","4087778","411","1","411"
"4155","1","3822","271","2","271"
"2223","1","4087778","111","1","111"
"4148","2","4087776","133","0","133"
"4329","1","3822","311","2","311"
"2235","1","4087776","372","1","372"
"2237","1","4087776","591","1","591"
"4265","1","4087776","501","1","501"
"4335","0","3822","191","0","191"
"2241","1","4087776","561","1","561"
"4249","3","3822","182","0","182"
"2246","1","4087776","371","1","371"
"4439","1","3831","263","1","263"
"2254","1","4087775","215","1","215"
"4764","1","4087776","583","1","583"
"4854","0","4370","232","0","232"
"3261","1","4087775","515","1","515"
"4455","2","3822","264-265","1","264-265"
"4844","1","4301","212","0","212"
"3787","3","3964","492","0","492"
"4274","1","4329","531","1","531"
"2922","1","4087776","373","1","373"
"4177","1","4087775","108","0","108"
"2287","0","4329","112","1","112"
"3576","1","4329","231","1","231"
"4283","1","3831","271","1","271"
"4142","0","3822","341","1","341"
"2335","1","3852","412","0","412"
"2301","1","4087778","321","1","321"
"3212","1","4204","421","1","421"
"2304","1","4204","221","1","221"
"3735","1","4265","203","0","203"
"2860","1","4087775","104","0","104"
"3454","1","4087769","401","0","401"
"4853","2","3831","151","0","151"
"3433","1","4265","404","0","404"
"2325","1","4087778","221","1","221"
"4741","2","4204","291","1","291"
"2344","1","3964","311","0","311"
"4727","3","3879","1BF","0","1БФ"
"2347","1","3964","261","0","261"
"3013","2","3964","272","0","272"
"4555","3","4204","102","0","102"
"2354","2","3920","142","0","142"
"4583","0","4087779","121","0","121"
"4134","2","3952","110","0","110"
"2357","1","3952","311","0","311"
"2359","1","3952","321","0","321"
"2367","1","3852","241","0","241"
"2370","1","4087765","462","0","462"
"2371","2","4087765","264","0","264"
"2372","2","4087765","165","0","165"
"4537","1","3879","1041","0","1041"
"2377","1","4047","271","0","271"
"4147","1","4265","304","0","304"
"4861","1","4047","412","0","412"
"2390","2","4349","145","0","145"
"4712","1","4087775","404","0","404"
"4579","0","4329","452","0","452"
"4318","2","4087776","233","0","233"
"4803","1","4087768","312 (1)","0","312 (1)"
"2716","1","4329","403","0","403"
"3482","2","3831","351","1","351"
"2407","1","4265","102","0","102"
"2408","1","4087775","103","0","103"
"2410","1","4087775","302","0","302"
"3737","1","4265","313","0","313"
"3339","1","3952","537","1","537"
"2418","1","4087765","110","2","110"
"2420","1","4204","321","0","321"
"2421","1","4204","151","0","151"
"4821","1","4349","423","0","423"
"2439","1","3822","432","0","432"
"2441","1","3831","321","0","321"
"2443","1","4087778","421","1","421"
"3990","1","4265","204","0","204"
"2447","2","4265","254","0","254"
"2449","2","4265","255","0","255"
"4619","1","3879","4051","0","4051"
"4519","1","3879","3061","0","3061"
"2463","1","4087776","301","0","301"
"3101","3","3822","181","0","181"
"4703","1","3879","2002","1","2002"
"4848","2","4370","243","0","243"
"2470","1","4087775","117","1","117"
"2471","1","4087775","118","1","118"
"2473","1","4087775","212","1","212"
"2474","-1","4087764","1371","0","1371"
"2475","2","4204","122","1","122"
"4781","2","4329","221","1","221"
"3796","1","3964","152","1","152"
"4729","3","3879","3BF","0","3БФ"
"4383","1","4265","205","0","205"
"3733","1","4265","104","0","104"
"2484","2","4087778","131","1","131"
"4704","1","3879","3002","1","3002"
"2495","-1","4087764","1312","0","1312"
"4076","2","4087775","205","0","205"
"3457","1","4087769","122","2","122"
"3459","1","4087769","322","2","322"
"2581","1","3952","237","1","237"
"4771","1","4087776","282","1","282"
"2522","1","4087776","471","1","471"
"2523","1","4087776","375","1","375"
"2524","1","4087776","374","1","374"
"2526","2","4087776","157","1","157"
"2527","2","4087776","156","1","156"
"2529","2","4087776","158","1","158"
"2530","2","4087776","254","1","254"
"2531","2","4087776","253","1","253"
"2534","2","4087765","202","1","202"
"2535","1","4370","111","1","111"
"2538","1","4370","211","1","211"
"2539","1","4370","311","1","311"
"2540","1","4370","411","1","411"
"2541","1","4370","511","1","511"
"2544","1","3822","411","1","411"
"4157","1","3822","251","2","251"
"4767","2","4087765","302","1","302"
"3847","1","4329","331","1","331"
"2558","1","4087776","521","1","521"
"2559","1","4087776","512","1","512"
"2560","1","4087776","281","1","281"
"2561","1","4087776","273","1","273"
"3259","1","4329","131","1","131"
"2566","0","4329","212","1","212"
"4207","-1","4087763","6201(MTO-21)","0","6201(МТО-21)"
"4785","2","4087765","285","1","285"
"2580","1","4087775","316","1","316"
"4289","1","4329","132","1","132"
"2661","2","4370","141","0","141"
"2603","1","4204","321","1","321"
"4826","2","3964","1712","0","1712"
"2610","-1","4087763","4101","0","4101(ЭО-11)"
"2612","-1","4087763","7101","0","7101(РТ-11)"
"4609","0","3822","291","0","291"
"3989","2","3852","153","0","153"
"2618","-1","4087763","7201","0","7201(РТ-21)"
"4551","1","3831","222","0","222"
"2622","-1","4087763","4201","0","4201(ЭО-21)"
"3671","1","4204","342","0","342"
"2628","-1","4087763","4301","0","4301(ЭО-31)"
"4366","-1","4087763","9471(ISP-41)","0","9471(ИСП-41)"
"2630","-1","4087763","7301","0","7301(РТ-31)"
"4367","-1","4087763","9461(SSA-41)","0","9461(ССА-41)"
"3920","3","4204","401","0","401"
"3914","1","4204","442","0","442"
"3665","2","4087765","204","1","204"
"3985","2","3935","135","0","135"
"2667","2","4087765","167","0","167"
"2668","1","4087765","210","2","210"
"2669","1","4087765","211","2","211"
"2670","1","4204","251","0","251"
"2675","1","3952","337","1","337"
"2676","2","3952","104","0","104"
"2684","1","4087776","321","0","321"
"2685","1","4087776","401","0","401"
"4178","1","4301","112","0","112"
"3291","2","3920","262","0","262"
"2991","2","3920","252","0","252"
"4339","1","4087775","304","0","304"
"3902","1","3822","171","2","171"
"2987","2","3920","152","0","152"
"2697","1","4047","371","0","371"
"3715","1","3964","481","0","481"
"2751","1","3822","311","0","311"
"2752","1","3852","413","0","413"
"3126","1","4087775","204","0","204"
"4550","1","3920","131","0","131"
"3336","2","3952","247","1","247"
"2766","-1","4087764","2142","0","2142"
"4396","1","4265","403","0","403"
"4514","1","3879","2061","0","2061"
"4751","2","4087768","303","1","303"
"4886","2","4301","262","0","262"
"4878","2","4301","162","0","162"
"4879","2","4301","163","0","163"
"3385","3","3831","101","0","101"
"4880","2","4301","165","0","165"
"4881","2","4301","166","0","166"
"4789","2","4087765","288","1","288"
"4888","2","4301","265","0","265"
"2788","1","4301","171","0","171"
"2789","1","4301","131","0","131"
"2790","1","4301","121","0","121"
"2791","1","4301","141","0","141"
"4692","1","4087769","202","0","202"
"4846","1","4301","211","0","211"
"4151","1","4087776","351","0","351"
"4862","1","4301","271","0","271"
"4858","1","4301","221","0","221"
"4859","1","4301","231","0","231"
"4845","1","4301","241","0","241"
"4863","1","4301","311","0","311"
"4868","1","4301","371","0","371"
"4864","1","4301","321","0","321"
"4875","1","4301","471","0","471"
"4865","1","4301","331","0","331"
"4866","1","4301","341","0","341"
"4867","1","4301","342","0","342"
"4869","1","4301","411","0","411"
"4876","1","4301","431","0","431"
"4873","1","4301","441","0","441"
"4874","1","4301","442","0","442"
"4287","1","3831","471","1","471"
"3285","2","4370","251","0","251"
"2912","2","3831","211","1","211"
"4744","2","3831","131","1","131"
"4768","1","4047","155 (uskor.)","1","155 (ускор.)"
"3897","2","4087776","232","0","232"
"2832","1","4087775","124","1","124"
"2833","1","4087775","125","1","125"
"2834","1","4087775","127","1","127"
"2835","2","4087775","141","1","141"
"2836","2","4087775","142","1","142"
"2844","1","4087775","217","1","217"
"3283","2","4370","242","0","242"
"4788","2","4087765","286","1","286"
"4291","1","4087769","522","2","522"
"4774","1","4087776","377","1","377"
"4763","1","4087776","317","1","317"
"4701","2","3879","1223","0","1223"
"3981","1","4087768","411 (2)","0","411 (2)"
"3982","1","4087768","411 (1)","0","411 (1)"
"2866","1","4087768","111(1)","0","111(1)"
"3926","1","4087768","111(2)","0","111(2)"
"3987","2","3952","205","0","205"
"3664","1","4087765","320","2","311"
"3931","1","4087768","114(1)","0","114(1)"
"2877","1","4087768","211 (1)","0","211 (1)"
"2880","1","4087768","213 (2)","0","213 (2)"
"3424","1","4087768","214 (1)","0","214 (1)"
"3973","1","4087768","311 (1)","0","311 (1)"
"4852","2","3831","161","0","161"
"4919","1","3831","243","2","243"
"3563","2","4087776","144","0","144"
"2923","1","4087776","381","1","381"
"4916","1","3831","263","2","263"
"4512","2","4370","132","2","132"
"2934","1","4087775","415","1","415"
"2937","-1","4087764","1412","0","1412"
"2938","1","4087776","571","1","571"
"3394","-1","4087764","2342","0","2342"
"3465","3","4265","363","0","363"
"3464","3","4265","362","0","362"
"2964","1","3831","261-262","1","261-262"
"2972","2","4370","241","0","241"
"3068","0","4370","331","0","331"
"2980","2","4349","146","0","146"
"3293","2","4349","246","0","246"
"3950","1","3920","251","0","251"
"4832","1","3822","511","2","511"
"3326","-1","4047","164","0","164"
"3327","2","4047","165","0","165"
"2989","1","3920","161","0","161"
"3004","3","4204","201","0","201"
"4326","3","4204","402","0","402"
"4532","1","3879","1022","0","1022"
"4528","1","3879","4023","0","4023"
"3014","1","3822","411","0","411"
"3015","3","3964","291","0","291"
"3016","3","3964","292","0","292"
"3684","1","3822","321","0","321"
"4936","-1","4087764","1382","0","1382"
"4887","2","4301","263","0","263"
"3384","2","4301","271","2","271"
"4889","2","4301","266","0","266"
"3036","2","3952","108","0","108"
"3037","2","3952","107","0","107"
"3038","2","3952","204","0","204"
"3039","2","4087765","266","0","266"
"3040","2","4087765","267","0","267"
"3047","1","4087765","310","2","310"
"3910","1","4087765","411","2","411"
"3051","1","4087775","303","0","303"
"3969","1","4087768","313 (1)","0","313 (1)"
"4761","1","3831","463-464","1","463-464"
"3065","1","4265","113","0","113"
"3066","2","4265","156","0","156"
"3067","2","4370","151","0","151"
"3069","1","4370","423","0","423"
"3070","1","4370","424","0","424"
"3525","1","4087769","252","1","252"
"3932","1","4087768","114(2)","0","114(2)"
"3080","-1","4087764","2242","0","2242"
"3976","1","4087768","414 (1)","0","414 (1)"
"3939","2","4087768","291","0","291"
"4709","2","3822","163","0","163"
"3087","-1","4087764","2351","0","2351"
"3090","2","4087776","244","0","244"
"4870","2","4087765","151","0","151"
"3095","1","4265","302","0","302"
"3741","1","4087776","151","0","151"
"3105","3","3822","281","0","281"
"4561","1","3822","411","2","411"
"3130","3","3920","181","0","181"
"4724","0","3964","331","0","331"
"3111","2","4370","151","1","151"
"3112","3","4370","161","0","161"
"3115","2","4370","142","0","142"
"3129","3","3920","172","0","172"
"3669","1","3920","361","0","361"
"3131","3","3920","271","0","271"
"3132","3","3920","272","0","272"
"3402","3","3920","191","0","191"
"3134","3","3920","281","0","281"
"3238","2","3831","251","1","251"
"4507","1","3831","364","1","364"
"3240","2","4087776","257","1","257"
"4914","1","4047","121","2","121"
"3141","1","3852","441","0","441"
"3142","1","4087775","317","1","317"
"3143","1","4087775","318","1","318"
"3148","2","4087765","103","1","103"
"3896","2","4087776","222","0","222"
"3445","2","4204","123","1","123"
"3152","3","3935","1","0","1"
"3153","3","3935","2","0","2"
"3155","3","4087765","1 kurs psh","0","1 курс псх"
"3157","3","4087765","2 kurs psh","0","2 курс псх"
"4262","1","3831","562","1","562"
"4773","2","3831","231-232","1","231-232"
"4300","2","4047","161","1","161"
"3163","3","4265","162","0","162"
"3164","3","4265","163","0","163"
"3165","3","4265","164","0","164"
"3166","3","4265","262","0","262"
"3167","3","4265","263","0","263"
"4732","3","3879","2RF","0","2РФ"
"4114","1","4370","312","1","312"
"4096","2","4087769","262","1","262"
"4938","1","3879","4032 (fiz. i teh.)","0","4032 (физ. и тех.)"
"3174","3","4265","264","0","264"
"4587","1","3831","171","2","171"
"3447","2","4087765","203","1","203"
"3211","1","4204","461","1","461"
"3557","2","4087769","161","1","161"
"3198","2","3952","147","1","147"
"3201","2","4087768","102","1","102"
"4816","3","4087776","1 kurs MiTPo","0","1 курс МиТПо"
"3203","1","3822","512","1","512"
"3207","1","4370","112","0","112"
"3209","1","4204","521","1","521"
"4521","1","3879","3022","0","3022"
"3860","1","4087775","321","1","321"
"3311","1","4204","242","0","242"
"4464","1","4329","232","1","232"
"3460","2","4087776","150","1","150"
"3334","2","3952","207","0","207"
"3690","2","3952","105","0","105"
"4267","2","3831","391","1","391"
"3280","2","4087775","241","1","241"
"3281","2","4087775","242","1","242"
"3287","1","3920","261","0","261"
"3951","1","3920","461","0","461"
"3660","0","4370","531","0","531"
"3306","1","4087765","410","2","410"
"3804","2","4087776","250","1","250"
"3674","2","4204","148","0","148"
"3315","1","4204","451","0","451"
"4559","3","4204","404","0","404"
"4531","1","3879","1021","0","1021"
"3321","1","4087775","403","0","403"
"4518","1","3879","3032","0","3032"
"3906","2","4047","163","0","163"
"4470","-1","4047","212","0","212"
"4695","-1","4087764","2332","0","2332"
"4828","2","3920","113","0","113"
"4584","0","4087779","131","0","131"
"3534","1","4087769","421","1","421"
"3535","1","4087769","281","1","281"
"3375","1","3964","381","0","381"
"4582","0","4087779","111","0","111"
"4877","2","4301","161","0","161"
"4516","1","3879","2022","0","2022"
"4545","2","3879","2222","0","2222"
"3390","1","3964","122","0","122"
"3391","3","3831","201","0","201"
"3392","3","3831","301","0","301"
"3397","1","4370","212","1","212"
"3398","3","3920","371","0","371"
"3895","2","4087776","102","0","102"
"3405","2","3964","271","0","271"
"3401","3","3920","381","0","381"
"3406","2","3964","273","0","273"
"4529","1","3879","4082","0","4082"
"3409","1","4301","111","1","111"
"3410","1","4301","141","1","141"
"3411","1","4301","151","1","151"
"3412","2","4301","121","1","121"
"3413","2","4301","131","1","131"
"3414","2","4301","161","1","161"
"3773","2","4087769","162","1","162"
"3417","1","4265","142","0","142"
"3418","1","4265","133","0","133"
"3419","1","4265","103","0","103"
"3420","1","4265","213","0","213"
"4542","2","3879","1224","0","1224"
"4807","3","3879","3LF","0","3ЛФ"
"3425","1","4087768","214 (2)","0","214 (2)"
"3943","1","4087768","215 (1)","0","215 (1)"
"3972","1","4087768","311 (2)","0","311 (2)"
"3964","1","4087768","321","0","321"
"4165","2","3852","253","0","253"
"3435","2","4265","157","0","157"
"3480","-1","4087764","2451","0","2451"
"4257","1","3964","551","1","551"
"3799","3","4329","1_Geofizika","0","1_Геофизика"
"3484","1","4301","211","1","211"
"3485","1","4301","311","1","311"
"3486","1","4301","411","1","411"
"3487","1","4301","511","1","511"
"3488","1","4301","241","1","241"
"3489","1","4301","341","1","341"
"3491","1","4301","441","1","441"
"3492","1","4301","541","1","541"
"3493","1","4301","251","1","251"
"3494","1","4301","351 ","1","351 "
"3497","1","4301","451","1","451"
"3498","1","4301","551","1","551"
"3722","-1","4047","261","0","261"
"4765","1","4087776","481","1","481"
"3500","2","4301","221","1","221"
"3501","2","4301","231","1","231"
"3502","2","4301","261","1","261"
"4032","2","4301","191","1","191"
"4585","1","3831","161","2","161"
"4575","1","3879","3121","0","3121"
"4576","1","3879","3122","0","3122"
"4577","0","4329","152","0","152"
"3515","3","4087765","3 kurs","0","3 курс"
"3516","1","4087769","341","1","341"
"4074","1","4087769","581","1","581"
"3532","1","4087769","351","1","351"
"3533","1","4087769","352","1","352"
"3536","1","4087769","181","1","181"
"3537","1","4087769","381","1","381"
"3538","1","4087769","251","1","251"
"3539","1","4087769","451","1","451"
"4471","-1","4047","242","0","242"
"4268","2","4087769","271","1","271"
"4548","2","3879","2232","0","2232"
"3559","2","4370","251","1","251"
"3560","2","4087769","261","1","261"
"3561","1","4087769","541","1","541"
"4465","0","4329","312","1","312"
"4288","1","3831","571","1","571"
"4743","2","3831","181","1","181"
"3569","1","4087769","531","1","531"
"3571","1","4087769","151","1","151"
"3572","1","4087769","131","1","131"
"3573","1","4087769","141","1","141"
"3582","1","4087776","262","1","262"
"4911","2","4087765","280","2","280"
"3584","1","4087776","377  (4 goda)","1","377  (4 года)"
"4506","1","4087776","381 (4 goda)","1","381 (4 года)"
"3588","1","4087769","211","1","211"
"3589","1","4087769","311","1","311"
"3590","1","4087769","411","1","411"
"4891","2","4301","268","0","268"
"4524","1","3879","4032","0","4032"
"3905","2","4047","262","0","262"
"3692","2","3952","210","0","210"
"3604","1","3852","121","0","121"
"3605","1","3852","221","0","221"
"4511","2","4370","131","2","131"
"4430","3","4329","2_Geofizika","0","2_Геофизика"
"4432","3","4329","3_Paleontologiya","0","3_Палеонтология"
"4746","3","4329","2_Geoekologiya","0","2_Геоэкология"
"4526","1","3879","4071","0","4071"
"4754","3","4087776","2 kurs OPIPiO","0","2 курс ОПИПиО"
"4756","3","4087776","3 kurs OPIPiO","0","3 курс ОПИПиО"
"4817","3","4087776","2 kurs MiTPO","0","2 курс МиТПО"
"4818","3","4087776","3 kurs MiTPO","0","3 курс МиТПО"
"4752","3","4087776","1 kurs OPIPiO","0","1 курс ОПИПиО"
"3630","1","3852","321","0","321"
"3631","1","3852","421","0","421"
"4796","1","3831","462","1","462"
"4793","0","3822","213","1","213"
"3647","1","4087776","422","1","422"
"3901","2","4087776","272","0","272"
"3885","1","4087769","452","1","452"
"3723","2","4047","264","0","264"
"3724","-1","4047","265","0","265"
"3725","2","4047","261","1","261"
"3726","2","4047","361","1","361"
"4850","2","4370","231","2","231"
"4515","1","3879","2071","0","2071"
"4735","2","3822","162-163","1","162-163"
"3770","3","3920","291","0","291"
"3771","2","4265","257","0","257"
"3774","1","4087769","121","1","121"
"4759","1","3831","443-444","1","443-444"
"4747","3","4329","3_Geofizika","0","3_Геофизика"
"4769","1","4047","156","1","156"
"3894","1","4087776","251","0","251"
"3790","1","4087775","110","1","110"
"3791","1","4087775","121 (1 podgruppa)","1","121 (1 подгруппа)"
"3792","1","4087775","121 (2 podgruppa)","1","121 (2 подгруппа)"
"3793","1","4087775","121 (3 podgruppa)","1","121 (3 подгруппа)"
"3794","0","3822","141","1","141"
"4571","1","3879","2122","0","2122"
"4572","-1","4047","166","0","166"
"3818","1","4047","251","1","251"
"4783","1","3831","441","1","441"
"4256","2","4301","291","1","291"
"4453","1","4047","551","1","551"
"4067","1","4087769","481","1","481"
"4280","2","3822","271","1","271"
"4770","1","4047","355","1","355"
"4105","3","3822","381","0","381"
"4146","2","4087776","202","0","202"
"3841","1","4047","524+526","1","524+526"
"4915","1","4047","421","2","421"
"3900","2","4087776","292","0","292"
"4586","-1","4087763","9173(ISP-13)","0","9173(ИСП-13)"
"4459","1","3831","361","1","361"
"4780","1","3831","241","1","241"
"4922","2","4047","266","0","266"
"3872","2","4087775","231","1","231"
"3873","2","4087775","232","1","232"
"3874","1","3964","351","1","351"
"3876","1","4087775","512,517","1","512,517"
"3884","1","4087769","422","2","422"
"4215","2","3822","362","1","362"
"3996","1","4265","303","0","303"
"3997","1","4265","402","0","402"
"4058","2","3831","311","1","311"
"3998","1","3822","151","2","151"
"4214","2","3822","361","1","361"
"4237","-1","4087763","9262(SSA-22)","0","9262(ССА-22)"
"4370","1","4087769","103","0","103"
"4700","2","3822","370","2","370"
"4418","2","3822","371","1","371"
"4010","-1","4087763","7401(RT-41)","0","7401(РТ-41)"
"4617","1","3879","3041","0","3041"
"4014","-1","4087763","4401(EO-41)","0","4401(ЭО-41)"
"4015","-1","4087763","6101(MTO-11)","0","6101(МТО-11)"
"4616","1","3879","3052","0","3052"
"4352","-1","4087763","9171(ISP-11)","0","9171(ИСП-11)"
"4239","-1","4087763","9172(ISP-12)","0","9172(ИСП-12)"
"4381","-1","4087764","2361","0","2361"
"4834","1","3822","571","2","571"
"4921","1","4087775","408","0","408"
"4620","1","3879","3081","0","3081"
"4049","2","4087778","331","1","331"
"4050","1","4087775","122","1","122"
"4051","1","3822","431","1","431"
"4052","1","4087775","210","1","210"
"4458","1","3822","412-413","1","412-413"
"4070","1","4087769","521","1","521"
"4069","1","4087769","221","1","221"
"4071","1","4087769","551","1","551"
"4077","2","4087775","206","0","206"
"4113","1","3964","251","1","251"
"4304","1","3831","371","1","371"
"4080","1","3964","451","1","451"
"4122","1","4047","121","0","121"
"4123","-1","4047","161","0","161"
"4124","-1","4047","162","0","162"
"4937","1","3879","2023","0","2023"
"4182","-1","4087764","2261","0","2261"
"4738","1","4087778","341","1","341"
"4243","-1","4087763","9272(ISP-22)","0","9272(ИСП-22)"
"4191","-1","4087763","8101(TMP-11)","0","8101(ТМП-11)"
"4622","1","3879","3031","0","3031"
"4234","-1","4087763","9162(SSA-12)","0","9162(ССА-12)"
"4621","1","3879","3091","0","3091"
"4236","-1","4087763","9261(SSA-21)","0","9261(ССА-21)"
"4361","-1","4087763","9372(ISP-32)","0","9372(ИСП-32)"
"4248","-1","4087763","9371(ISP-31)","0","9371(ИСП-31)"
"4217","2","3822","364","1","364"
"4417","2","3822","369","1","369"
"4219","2","3822","366","1","366"
"4220","2","3822","367","1","367"
"4221","2","3822","368","1","368"
"4420","1","4087768","112(1)","0","112(1)"
"4226","2","3935","235","0","235"
"4277","1","4370","412","1","412"
"4231","3","3964","493","0","493"
"4247","-1","4087763","9361(SSA-31)","0","9361(ССА-31)"
"4307","1","3920","451","0","451"
"4308","2","3920","132","0","132"
"4314","1","4047","221","2","221"
"4927","-1","4087763","9273(ISP-23)","0","9273(ИСП-23)"
"4356","-1","4087763","4102(EO-12)","0","4102(ЭО-12)"
"4360","-1","4087763","8201(TMP-21)","0","8201(ТМП-21)"
"4925","-1","4087763","9463(SSA-43)","0","9463(ССА-43)"
"4363","-1","4087763","6301(MTO-31)","0","6301(МТО-31)"
"4364","-1","4087763","9362(SSA-32)","0","9362(ССА-32)"
"4608","0","3822","192","0","192"
"4371","1","4087769","102","0","102"
"4372","-1","4087764","2232","0","2232"
"4373","-1","4087764","2262","0","2262"
"4374","-1","4087764","1313","0","1313"
"4375","2","4087765","169","0","169"
"4376","2","4087765","175","2","175"
"4377","2","4087765","176","2","176"
"4378","2","4087765","174","2","174"
"4379","2","4087765","268","2","268"
"4380","1","4087765","512","2","512"
"4388","1","4087765","114","1","114"
"4386","1","4087765","113","1","113"
"4389","2","4087765","183","1","183"
"4390","2","4087765","184","1","184"
"4391","2","4087765","185","1","185"
"4392","2","4087765","186","1","186"
"4393","2","4087765","188","1","188"
"4520","1","3879","3071","0","3071"
"4400","1","4087778","241","1","241"
"4706","1","3879","5002","1","5002"
"4554","2","4204","237","0","237"
"4749","1","3964","461 ","1","461 "
"4557","3","4204","204","0","204"
"4410","2","3822","164-165","1","164-165"
"4426","3","3822","282","0","282"
"4440","2","3831","331","1","331"
"4808","3","3879","3FE","0","3ФЭ"
"4438","1","3831","243","1","243"
"4794","1","3831","343","1","343"
"4462","1","3831","341","1","341"
"4443","1","4087768","412","0","412"
"4444","1","4087768","415 (1)","0","415 (1)"
"4445","1","4087768","415 (2)","0","415 (2)"
"4446","1","4087768","416","0","416"
"4917","1","3831","271","2","271"
"4452","1","4047","255","1","255"
"4776","2","3822","262","1","262"
"4778","2","3822","266-267","1","266-267"
"4831","1","4329","231","0","231"
"4472","-1","4047","252","0","252"
"4726","1","3964","321","0","321"
"4614","1","3964","241","0","241"
"4494","0","3964","531","0","531"
"4824","1","3964","341","0","341"
"4923","-1","4087763","15301(KSK-31)","0","15301(КСК-31)"
"4924","-1","4087763","4302(EO-32)","0","4302(ЭО-32)"
"4596","-1","4087763","8301(TMP-31)","0","8301(ТМП-31)"
"4597","-1","4087764","1471","0","1471"
"4598","-1","4087764","1282","0","1282"
"4599","1","3879","4121","0","4121"
"4600","1","3879","4122","0","4122"
"4601","-1","4087763","9472(ISP-42)","0","9472(ИСП-42)"
"4602","-1","4087763","9473(ISP-43)","0","9473(ИСП-43)"
"4603","2","3879","1321","0","1321"
"4604","2","3879","2321","0","2321"
"4605","-1","4087763","6401(MTO-41)","0","6401(МТО-41)"
"4606","-1","4087764","2243","0","2243"
"4607","-1","4087763","9462(SSA-42)","0","9462(ССА-42)"
"4623","1","3879","3011","0","3011"
"4624","1","3879","3021","0","3021"
"4625","1","3879","4031","0","4031"
"4626","1","3879","4011","0","4011"
"4627","1","3879","4021","0","4021"
"4628","1","3879","4041","0","4041"
"4629","1","3879","3111","0","3111"
"4630","1","3879","3101","0","3101"
"4631","2","3879","2295","0","2295"
"4632","1","3879","1101","0","1101"
"4633","1","3879","2011","0","2011"
"4634","1","3879","1091","0","1091"
"4635","1","3879","1082","0","1082"
"4636","1","3879","1111","0","1111"
"4637","1","3879","1071","0","1071"
"4638","1","3879","1051","0","1051"
"4639","1","3879","1052","0","1052"
"4640","1","3879","1061","0","1061"
"4641","1","3879","1081","0","1081"
"4642","1","3879","2091","0","2091"
"4643","1","3879","2052","0","2052"
"4644","1","3879","2081","0","2081"
"4645","1","3879","2101","0","2101"
"4646","1","3879","2111","0","2111"
"4647","1","3879","2031","0","2031"
"4648","1","3879","2021","0","2021"
"4649","1","3879","2041","0","2041"
"4650","1","3879","2051","0","2051"
"4651","2","3879","2211","0","2211"
"4652","2","3879","1281","0","1281"
"4653","2","3879","1291","0","1291"
"4654","2","3879","1292","0","1292"
"4655","2","3879","1293","0","1293"
"4656","2","3879","2231","0","2231"
"4657","2","3879","2221","0","2221"
"4658","2","3879","1231","0","1231"
"4659","2","3879","1241","0","1241"
"4660","2","3879","1251","0","1251"
"4661","2","3879","1252","0","1252"
"4662","2","3879","2292","0","2292"
"4663","2","3879","2251","0","2251"
"4664","2","3879","2281","0","2281"
"4665","2","3879","2291","0","2291"
"4666","2","3879","2241","0","2241"
"4667","1","3879","4111","0","4111"
"4668","1","3879","4101","0","4101"
"4669","1","3879","4052","0","4052"
"4670","2","3879","1211","0","1211"
"4671","1","3879","4081","0","4081"
"4672","1","3879","4091","0","4091"
"4673","2","3879","1221","0","1221"
"4892","0","3822","352","0","352"
"4678","2","4087765","269","0","269"
"4679","2","4087765","275","2","275"
"4680","2","4087765","368","2","368"
"4681","-1","4087764","2461","0","2461"
"4682","-1","4087764","2362","0","2362"
"4683","1","3822","112","0","112"
"4687","1","3879","4001","1","4001"
"4688","1","3879","5001","1","5001"
"4689","2","3879","1201","1","1201"
"4690","2","3879","2201","1","2201"
"4691","2","3879","3201","1","3201"
"4693","1","4087769","203","0","203"
"4926","-1","4087763","8401(TMP-41)","0","8401(ТМП-41)"
"4696","-1","4087764","1413","0","1413"
"4698","2","4087765","276","2","276"
"4699","2","4087765","274","2","274"
"4711","1","4087775","308","0","308"
"4935","1","3831","213","0","213"
"4714","1","4087768","121(1)","0","121(1)"
"4715","1","4087768","121(2)","0","121(2)"
"4716","1","4087768","212 (1)","0","212 (1)"
"4717","1","4087768","212 (2)","0","212 (2)"
"4718","1","4265","342","0","342"
"4838","0","4329","352","0","352"
"4722","1","4087778","121","2","121"
"4723","1","4265","305","0","305"
"4733","3","3879","3RF","0","3РФ"
"4734","3","3879","4RF","0","4РФ"
"4811","3","3879","2O","0","2О"
"4812","3","3879","4O","0","4О"
"4813","3","3879","2M","0","2М"
"4814","3","3879","2EKB","0","2ЭКБ"
"4815","3","3879","4EKB","0","4ЭКБ"
"4819","0","3822","114","1","114"
"4820","0","3822","113","1","113"
"4827","1","3920","231","0","231"
"4842","1","3831","141","0","141"
"4836","1","3822","411-Pisockaya V.V","2","411-Писоцкая В.В"
"4894","0","3822","292","0","292"
"4895","0","3822","391","0","391"
"4896","1","3822","212","0","212"
"4897","1","3822","132","0","132"
"4899","2","3831","271","0","271"
"4900","1","4204","252","0","252"
"4901","2","4204","218","0","218"
"4906","2","3822","164","0","164"
"4907","2","3822","165","0","165"
"4908","1","4047","452","0","452"
"4928","-1","4087763","7202(RT-22)","0","7202(РТ-22)"
"4929","-1","4087763","6501(MTO-51)","0","6501(МТО-51)"
"4930","-1","4087763","4203(EO-23)","0","4203(ЭО-23)"
"4931","0","4087779","211","0","211"
"4932","0","4087779","221","0","221"
"4933","0","4087779","231","0","231"
"4934","-1","4087764","2162","0","2162"
"4940","1","3879","2033","0","2033"
